{"cameraMode":{"drawMode":0,"name":"Shaded","section":"Shading Mode"},"sceneLighting":true,"audioPlay":false,"sceneViewState":{"showFog":false,"showMaterialUpdate":false,"showSkybox":false,"showFlares":false,"showImageEffects":false,"showParticleSystems":true},"in2DMode":false,"pivot":{"x":-0.07646387815475464,"y":-0.0673401951789856,"z":-0.08418046683073044},"rotation":{"x":-0.09519578516483307,"y":0.89966881275177,"z":-0.24638678133487702,"w":-0.34760257601737978},"size":8.800524711608887,"orthographic":false}